-- MySQL Administrator dump 1.4
--
-- ------------------------------------------------------
-- Server version	5.1.50-community


/*!40101 SET @OLD_CHARACTER_SET_CLIENT=@@CHARACTER_SET_CLIENT */;
/*!40101 SET @OLD_CHARACTER_SET_RESULTS=@@CHARACTER_SET_RESULTS */;
/*!40101 SET @OLD_COLLATION_CONNECTION=@@COLLATION_CONNECTION */;
/*!40101 SET NAMES utf8 */;

/*!40014 SET @OLD_UNIQUE_CHECKS=@@UNIQUE_CHECKS, UNIQUE_CHECKS=0 */;
/*!40014 SET @OLD_FOREIGN_KEY_CHECKS=@@FOREIGN_KEY_CHECKS, FOREIGN_KEY_CHECKS=0 */;
/*!40101 SET @OLD_SQL_MODE=@@SQL_MODE, SQL_MODE='NO_AUTO_VALUE_ON_ZERO' */;


--
-- Create schema m_time
--

CREATE DATABASE IF NOT EXISTS m_time;
USE m_time;

--
-- Definition of table `movies`
--

DROP TABLE IF EXISTS `movies`;
CREATE TABLE `movies` (
  `movieId` int(10) unsigned NOT NULL AUTO_INCREMENT,
  `titleCn` varchar(45) NOT NULL,
  `titleEn` varchar(60) NOT NULL,
  `director` varchar(45) NOT NULL,
  `actors` varchar(90) NOT NULL,
  `story` varchar(240) NOT NULL,
  `type` varchar(45) NOT NULL,
  `img` varchar(90) NOT NULL,
  `moviesTime` varchar(45) NOT NULL,
  PRIMARY KEY (`movieId`)
) ENGINE=InnoDB AUTO_INCREMENT=48 DEFAULT CHARSET=utf8;

--
-- Dumping data for table `movies`
--

/*!40000 ALTER TABLE `movies` DISABLE KEYS */;
INSERT INTO `movies` (`movieId`,`titleCn`,`titleEn`,`director`,`actors`,`story`,`type`,`img`,`moviesTime`) VALUES 
 (5,'恐袭波士顿 (2016)','Patriots Day','彼得·博格','马克·沃尔伯格 凯文·贝肯 J·K·西蒙斯 米歇尔·莫娜汉','影片聚焦于2013年的波士顿马拉松爆炸事件，马克·沃尔伯格饰演警长汤米·桑德斯（Tommy Saunders）。他和幸存者、第一线应变人员和调查员一起追捕制造爆炸案的恐怖分子，以防他们再一次袭击。','剧情/犯罪','114958.39127520_270X405X4.jpg','2017-11-17'),
 (6,'羞羞的铁拳 (2017)','Never Say Die','宋阳 张吃鱼','艾伦、马丽、沈腾、田雨','艾伦饰演的靠打假拳混日子的艾迪生，和马丽饰演的正义感十足的体育记者马小，本来是一对冤家。但因为一场意外的电击，两人的身体发生了互换。之后两人“互坑互害”，引发拳坛“大地震”，揭开了假拳界的秘密，随之也引来了一堆麻烦。','喜剧','103358.62266932_270X405X4.jpg','2017-09-30'),
 (7,'灿烂这一刻 (2017)','Shining Moment','陈果','张敬轩，郝蕾，林雪','农村出身的拉丁舞老师余梦辉在被要求比赛夺冠的压力下，带领着一群水平参差不齐的小朋友严格训练，刻苦排练。比赛结果却以失败告终，余老师还被家长揍了一顿。心灰意冷的他回到了农村的菠萝园，不料却被独自前来找他依然不肯放弃比赛的小朋友们感动，在舞厅老板蓝姨的说动下，他决定带着小朋友们重回舞台，去迎接一场真人秀的挑战。','剧情','163529.82395176_270X405X4.jpg','2017-11-24'),
 (8,'我的爸爸是森林之王 (2017)','The Son of Bigfoot','Jeremy Degruson 本·斯塔森','Chris Parson，辛达·亚当斯，Bob Barlen，卡尔·布伦克尔','13岁的少年亚当，父亲早逝跟着妈妈长大，无法与同学好好交流的他一心想要逃离学校生活。一次偶然的机会，他发现了母亲隐瞒已久的秘密，原来他的父亲还在人世。亚当义无反顾的踏上前去寻找父亲之路，却意外的混入了原始森林中，发现父亲居然是拥有超能力的森林之王！而亚当竟然也遗传了父亲的基因，拥有超能力！就在一家人即将团聚的时候，一个巨大的阴谋正在靠近……父子二人能同心协力度过难关吗？','动画/喜剧','151023.83293516_270X405X4.jpg','2017-10-14'),
 (9,'十八洞村 (2017)','Hold Your Hands','苗月','王学圻，陈瑾，白威，陈西贝','十八洞村退伍老兵杨英俊和几个堂兄弟家均为精准识别的贫困户，面对现状，他们虽心态各异，但是内心深处都有改变命运的期盼。在扶贫工作队的帮扶下，杨英俊带领杨家兄弟立志、立身、立行，决心打一场脱贫攻坚战，在追求生活脱贫的过程中，他们完成了一次精神上的脱贫。','剧情','163529.82395176_270X405X4.jpg','2017-10-12'),
 (10,'我心雀跃 (2017)','My Heart Leaps Up','刘紫微','孙伊涵，宋宁，周楚楚，杜双宇','高二女生刘唯唯在学校结识了美术老师邹野，邹野独特的气质和举止让她第一次有了怦然心动的感觉，纵使这份藏不住的懵懂情愫无法抑制，青春期少女特有的大胆和 自以为是让刘唯唯沉浸在自己想象中的感情互动里无法自拔……在那一年夏天，她就像一个闪亮的发光体，无所顾忌地去做自己喜欢的事，去爱自己喜欢的人。','爱情/剧情','152107.55307864_270X405X4.jpg','2017-06-09'),
 (11,'密战 (2017)','Eternal Wave','钟少雄','郭富城，赵丽颖，张翰，任达华','淞沪会战后上海沦陷，地下工作者林翔（郭富城饰）受命来到危机四伏的上海，重建惨遭敌人破坏的地下抗日战线。在这里他遇到单纯却很有正义感的兰芳（赵丽颖饰），这对临时组成的“地下党夫妇”将在战火纷飞中，携手亦正亦邪的梁栋（张翰饰）与日本侵略者及伪政府特务展开惊险刺激的生死较量……','战争/动作/剧情','095100.77301075_270X405X4.jpg','2017-11-03'),
 (12,'鲨海 (2017)','47 Meters Down','约翰内斯·罗伯茨','曼迪·摩尔，马修·莫迪恩，克莱尔·霍尔特','Lisa和Kate两姐妹在墨西哥海岸度假，她们在海底观鲨铁笼中潜水观赏鲨鱼时，牵连铁笼的绳子突然断裂，观鲨笼掉落到47米深的海底。由于所存氧气不多，她们只有一个小时的时间逃脱牢笼回到水面。而此时，大白鲨也在她们周围游弋着。47米深的海底一片漆黑，只能通过手电筒观察铁笼外面的情况。水面上工作人员的声音时有时无，救援队也迟迟不见踪影，姐妹俩都非常害怕。面对仅剩的氧气。。。','冒险/剧情/恐怖','081658.33840819_270X405X4.jpg','2017-12-08'),
 (13,'缝纫机乐队 (2017)','City Of Rock','大鹏','大鹏，乔杉，娜扎，李鸿其','在大鹏的家乡小镇集安，几个背景各异的小人物为了追寻共同的音乐梦想，组建了一只不同寻常的摇滚乐队。几个人在追梦之路上经历了接二连三的波折，也发生了一系列让人啼笑皆非的意外。','喜剧/剧情','112831.50815325_270X405X4.jpg','2017-09-29'),
 (14,'暴雪将至 (2017)','The Looming Storm','董越','段奕宏，江一燕，杜源，郑伟','上世纪九十年代某个小城，天气预报中一场百年不遇的暴雪即将侵袭此地，人心惶惶时骤然发生了一起残忍的连环杀人案。一心想进入体制内的保卫科干事余国伟（段奕宏饰）渴望借此机会，一展自己颇为得意的“神探”技能，并破格进入体制内成为真正的警察及模范。面对“探案”欲望与燕子（江一燕饰）的感情，余神探越陷越深，付出的代价也越来越大。然而宿命因果，万事皆有定数……','剧情/悬疑/犯罪','094700.31523866_270X405X4.jpg','2017-11-17'),
 (15,'全球风暴 (2017)','Geostorm','迪安·德夫林','杰拉德·巴特勒，吉姆·斯特吉斯，艾比·考尼什，艾德·哈里斯','在一系列史无前例的自然灾害席卷地球之后，全球领袖携手创建了一个复杂的卫星网络来控制全球气候并保证所有人的安全。但现在，本该保护地球的系统却出了错，开始攻击地球，要赶在一场席卷整个世界的全球风暴摧毁一切前发现真正的威胁','动作/科幻/惊悚','110308.10642474_270X405X4.jpg','2017-10-27'),
 (16,'精灵宝可梦：波尔凯尼恩与机巧的玛机雅娜 (2016)','Pokémon the Movie : Volcanion and the Ingenious Magearna','汤山邦彦','松本梨香，大谷育江，市川染五郎，寺崎裕香','小智和皮卡丘等一行伙伴在旅途中前行。某日，宝可梦波尔凯尼恩从天而降并被迫与小智锁在了一起。波尔凯尼恩与被人类伤害过的宝可梦们共同生活，因此非常讨厌人类，但这条神奇的锁链却让他们无法分开，奇妙的故事就此开始。小智与皮卡丘..','动画/奇幻/冒险','093030.39560657_270X405X4.jpg','2017-11-11'),
 (17,'刺杀盖世太保 (2017)','HHhH','赛德里克·吉门内兹','杰森·克拉克，裴淳华，杰克·奥康奈尔，米娅·华希科沃斯卡','青年海德里希（杰森·克拉克饰）在舞会上对女子丽娜（裴淳华饰）一见钟情，并对丽娜的纳粹思想深表赞同。二人婚后，海德里希通过丽娜的帮助成为纳粹党卫军的一员，开始大肆虐杀犹太人，种种暴行让他成为了“类人猿”行动的清除目标。','剧情/历史/战争','093927.78820642_270X405X4.jpg','2017-11-24'),
 (18,'降魔传 (2017)','The Golden Monk','王晶 钟少雄','郑恺，张雨绮，谢依霖，毛俊杰','南宋年间，杭州城妖怪肆虐，百姓困苦不堪。玄光寺不通和尚（郑恺饰）下山降妖除魔，邂逅女降魔师菁菁（张雨绮饰）。原来二人前世实为天庭金童玉女，因触犯天条被贬人间，至此已轮回百世，却始终未能相认。不通与菁菁协力铲除天山老..','奇幻/动作/喜剧','103434.86169309_270X405X4.jpg','2017-11-17'),
 (19,'你在哪 (2017)','Breathing','樊昊仑','景珂，樊昊仑，上白，杨晋','影片讲述了一个普通小城发生多起拐卖儿童重案，危机四伏，丢失孩子的年轻妈妈王楠，独自深入人贩子组织寻找女儿小鱼，与此同时当地警察也获得多起拐卖案件的犯罪线索，千里追凶万里寻子的故事就此展开。','剧情','165940.84073771_270X405X4.jpg','2017-11-30'),
 (20,'恐袭波士顿 (2016)','Patriots Day','彼得·博格','马克·沃尔伯格，凯文·贝肯，J·K·西蒙斯，米歇尔·莫娜汉','影片聚焦于2013年的波士顿马拉松爆炸事件，马克·沃尔伯格饰演警长汤米·桑德斯（Tommy Saunders）。他和幸存者、第一线应变人员和调查员一起追捕制造爆炸案的恐怖分子，以防他们再一次袭击。','剧情/犯罪','114958.39127520_270X405X4.jpg','2017-11-17'),
 (21,'不成问题的问题 (2016)','Mr.No Problem','梅峰','范伟，殷桃，张超，史依弘','“树华农场”，创办于抗战那年，距重庆市三十多里，坐落在江边小山的半腰，是座常引渡客心驰神往的农场。农场运营三年，虽物产丰富，却在赔钱。而农场股东们对此也是睁一眼闭一眼，因为他们都领略过丁主任的种种好。','剧情','175148.23346123_270X405X4.jpg','2017-11-21'),
 (22,'引爆者 (2017)','Explosion','常征','段奕宏，余男，王景春','《引爆者》讲述了段奕宏饰演的男主角赵旭东，无辜被卷入多派势力的利益争夺中，化身孤胆英雄自我救赎的故事。','动作/犯罪','111645.84805996_270X405X4.jpg','2017-11-24'),
 (23,'冒牌监护人之寻宝闹翻天 (2017)','Fake Guardians','陈玮卿','张一山，笑嘻嘻，张蓝心，谢依霖','本片讲述的是在繁华的都市中，三个屌丝子初（张一山 饰）、知了（彭波 饰）、立人（段钧豪 饰），由于被李万基（洪剑涛 饰）的建筑公司拖欠的各种薪酬和费用而走到一起，三人同仇敌忾被迫踏上了讨薪讨债之路。','剧情/喜剧','094232.92949182_270X405X4.jpg','2017-12-01'),
 (24,'七十七天 (2017)','Seventy-Seven Days','赵汉唐','赵汉唐，江一燕','电影《七十七天》是以探险作家杨柳松77天孤身穿越羌塘无人区的真实 事迹为蓝本创作。电影中，在生活里迷失了自我的男主徘徊在雪域高原 独闯无人区，影片女主身体残疾仍然乐观面对生活，她让他坚定了去尝 试世人眼里无法完成的无人区..','剧情/冒险','151524.47829199_270X405X4.jpg','2017-11-03'),
 (25,'雷神3：诸神黄昏 (2017)','Thor: Ragnarok','塔伊加·维迪提','克里斯·海姆斯沃斯，凯特·布兰切特，汤姆·希德勒斯顿，马克·鲁法洛','失去雷霆之锤的索尔被囚禁在宇宙的另一端，他不得不想方设法尽早赶回阿斯加德，阻止家园的毁灭和阿斯加德文明的终结，即所谓的“诸神黄昏”。整个事件背后的主谋是无情的死神海拉，她威力无穷，对整个宇宙造成了全新威胁。','动作/冒险/喜剧','154744.36955889_270X405X4.jpg','2017-11-03'),
 (26,'嘉年华 (2017)','Angels Wear White','文晏','文淇，周美君，史可，耿乐','少女小米在海边一家旅店做临时工，碰巧成为在旅店发生的一起少女被性侵案件的唯一知情者。为了保住收入微薄的工作，她决定保持沉默。与此同时，被卷入案件的小文却发现她的麻烦才刚刚开始。　　影片透过两个不同年龄段、不同成长背景下..','剧情','093115.47270261_270X405X4.jpg','2017-12-24'),
 (27,'东方快车谋杀案 (2017)','Murder on the Orient Express','肯尼思·布拉纳','肯尼思·布拉纳，约翰尼·德普，米歇尔·菲佛','影片讲述大侦探在东方快车上巧破一桩谋杀奇案的故事。波洛乘上东方快车，夜间三次被吵醒，第二天清晨便发现同车的美国富商雷切尔被人谋杀，死者被戳了12刀。波洛根据他所观察到的各种可疑迹象以及同车人士的讯问','犯罪/剧情/悬疑','164405.60001643_270X405X4.jpg','2017-11-10'),
 (28,'夺金四贱客 (2017)','Vier gegen die Bank','沃尔夫冈·彼德森','蒂尔·施威格，马提亚斯·施维赫夫，米歇尔·荷比西，让·约瑟夫·莱佛斯','三个不同背景、性格迥异的男人为了各自毕生的梦想和美好的未来，多年辛苦存钱，他们拥有一个共同的神经质投资顾问。不幸的是，三人账户惨遭清零，投资顾问也因被嫁祸而遭到解雇。四个大男人一同陷入了绝望境地，为此他们结为同盟','喜剧/犯罪','101425.42455295_270X405X4.jpg','2017-12-01'),
 (29,'追捕 (2017)','Manhunt','吴宇森','张涵予 福山雅治 戚薇','国际律师杜丘（张涵予 饰）清晨醒来，发现一个陌生女子被杀死在枕边，当所有证据皆指向自己就是凶手时，他拒捕逃离，决定自己查出真相。颇有名气的警探矢村（福山雅治 饰）在追捕过程中，察觉案件并不简单。一警一“匪”在交手中竟发展..','动作/剧情/犯罪','092729.25192273_270X405X4.jpg','2017-11-24'),
 (30,'空难余波 (2017)','Aftermath','艾略特·莱斯特','阿诺·施瓦辛格 斯科特·麦克奈利 玛姬·格蕾斯','施瓦辛格所饰演的罗曼在机场满心欢喜等待妻女归来，却最终等来飞机失事的不幸消息。虽然一名航空管制人员承认了自己的工作失职并被警局保护性监禁，但这些仍不能阻止施瓦辛格的复仇行为。','剧情/惊悚','152612.79852535_270X405X4.jpg','2017-12-01'),
 (31,'这就是命 (2017)','Kill Me Please','王丹','王迅 曾志伟 梁超 潘斌龙','中年大叔孟大卫（王迅饰）正经历中年危机：和在旅行团做导游的妻子杨晓楠（于莎莎饰）婚姻出现危机；又不幸查出膀胱癌。万念俱灰、正准备跳楼自杀的孟，接到保险公司的推销电话，心生一计，想要设计意外死亡给妻子留下一笔保险赔偿..','剧情/喜剧','102916.29353605_270X405X4.jpg','2017-12-01'),
 (32,'至暗时刻 (2017)','Darkest Hour','乔·赖特','加里·奥德曼 莉莉·詹姆斯 本·门德尔森 克里斯汀·斯科特·托马斯','影片将带领观众重返二战时期的1940年，其时，不可阻挡的纳粹势力席卷整个西欧，入侵的威胁迫在眉睫。一群毫无准备的公众，和一个怀疑论国王，时任英国首相的丘吉尔必须面对他最黑暗的时刻——是成为第三帝国的傀儡附属？','传记/剧情/历史','094706.23447938_270X405X4.jpg','2017-12-01'),
 (34,'正义联盟 (2017)','Justice League','扎克·施奈德','本·阿弗莱克 盖尔·加朵 杰森·莫玛 埃兹拉·米勒','在对人性重新燃起的希望所驱使，以及被超人的英勇之举所感染，布鲁斯·韦恩与他最新的盟友戴安娜·普林斯一起，组建了一支超强队伍，应对更强劲敌的来袭。虽然这队联盟的各个超级英雄都大有来头——蝙蝠侠、神奇女侠、海王、钢骨与闪电侠，他们首度集结，力挽狂澜，拯救地球免遭灭顶之灾。','动作/冒险/奇幻','115053.90719531_270X405X4.jpg','2017-11-17'),
 (35,'维京：王者之战 (2016)','Viking','安德烈·克拉夫库克','丹尼拉·科兹洛夫斯基 斯维特拉纳·库德钦科娃 亚历山大·乌斯秋戈夫','十世纪末，北欧留里克家族继承人基辅大公逝世后，他的三个儿子瓜分了其领地，兄弟之间冲突不断。为了证明自己的血统和身份，小儿子弗拉基米尔开始壮大自己的势力。在不断地战争中，两个哥哥相继去世，弗拉基米尔也通过自己的努力赢得了认同，成为最高统治者。','动作/战争/剧情','220852.27347241_270X405X4.jpg','2017-12-01'),
 (36,'勇往直前 (2017)','Only the Brave','约瑟夫·科辛斯基','乔什·布洛林 迈尔斯·特勒 杰夫·布里吉斯 詹妮弗·康纳利','本片根据“格拉尼特山高手”消防队英勇事迹改编，全队共有 19 位救火英雄在扑灭亚利桑那大火时牺牲。电影讲述：在“格拉尼特山高手队”创建之初，队里既有失足青年也有人面临婚姻危机等各种生活问题','传记/剧情','094840.43794960_270X405X4.jpg','2017-12-08'),
 (37,'疯狂特警队 (2017)','Raid dingue','丹尼·伯恩','爱丽丝·波尔 丹尼·伯恩 米歇尔·布朗 伊万·阿达勒','影片讲述了法国特警队教官欧仁近来诸事不顺，而偏偏警队又突然空降了一个培训生乔汉娜，这个一心想成为法国特警队第一位女警官的培训生就像一颗定时炸弹，她给特警队惹了各种千奇百怪、层出不穷的麻烦，但每次都歪打正着，和队友一起出色完成各类高难度任务……','动作/喜剧','094643.13212254_270X405X4.jpg','2017-12-08'),
 (38,'假如王子睡着了 (2017)','The Dreaming Man','王郢','陈柏霖 林允 张云龙 张宇','王小禾（林允饰）父母早逝，孤身一人在大城市打工，筹钱准备上大学。她暗恋上了青年才俊郑天乐（张云龙饰）。一日，小禾把因故晕倒的天乐送进医院，因一枚钻戒被郑家人误认为是天乐未婚妻。','爱情/喜剧','103503.50621090_270X405X4.jpg','2017-12-08'),
 (39,'双面劫匪 (2015)','Heist','斯科特·曼','罗伯特·德尼罗 戴夫·巴蒂斯塔 杰弗里·迪恩·摩根 吉娜·卡拉诺','沃恩（杰弗里·迪恩·摩根饰）为挽救病重女儿被迫成劫匪，与搭档（戴夫·巴蒂斯塔饰）抢劫了赌场大亨教皇（罗伯特·德尼罗）300万美金。不料接应的同伙临阵脱逃，他们被迫劫持了一辆载着孕妇、小孩、老人等一众乘客的巴士。','动作/犯罪/惊悚','163036.33039601_270X405X4.jpg','2017-12-08'),
 (40,'圣诞奇妙公司 (2017)','Santa & Cie','阿兰·夏巴','阿兰·夏巴 歌什菲·法拉哈尼 皮奥·马麦 奥黛丽·塔图','影片讲述了阿兰·夏巴饰演的圣诞老人，在所有圣诞精灵全部病倒的情况下，不得不去地球为精灵寻找解药的故事。没想到圣诞老人遭遇雷暴迫降巴黎，从而展开了一场妙趣横生的奇幻冒险。','家庭/喜剧','102313.76831990_270X405X4.jpg','2017-12-15'),
 (42,'至爱梵高·星空之谜 (2017)','Loving Vincent','多洛塔·科别拉 休·韦尔什曼','道格拉斯·布斯 罗伯特·古拉奇克 杰罗姆·弗林 艾莉诺·汤姆林森','影片用一封无法投递的信件串联起梵高在去世前最后六周里与他生命中最重要的三个人物之间的秘密，带观众穿越回十九世纪末的欧洲，并陪伴梵高走完他最后的人生。','动画/传记/犯罪','100134.66130634_270X405X4.jpg','2017-12-08'),
 (44,'寻梦环游记 (2017)','Coco','李·昂克里奇 阿德里安·莫里纳','安东尼·冈萨雷兹 盖尔·加西亚·贝纳尔 本杰明·布拉特 阿兰纳·乌巴奇','故事讲述小男孩米格(安东尼·冈萨雷斯 配音)一心梦想成为音乐家，更希望自己能和偶像歌神德拉库斯(本杰明·布拉特 配音)一样，创造出打动人心的音乐，但他的家族却世代禁止族人接触音乐。','动画/冒险/喜剧','172159.79821920_270X405X4.jpg','2017-11-24');
/*!40000 ALTER TABLE `movies` ENABLE KEYS */;


--
-- Definition of table `remarks`
--

DROP TABLE IF EXISTS `remarks`;
CREATE TABLE `remarks` (
  `remarkId` int(10) unsigned NOT NULL AUTO_INCREMENT,
  `remarkContent` varchar(200) NOT NULL,
  `remarkTime` datetime NOT NULL,
  `userId` int(10) unsigned NOT NULL,
  `movieId` int(10) unsigned NOT NULL,
  PRIMARY KEY (`remarkId`),
  KEY `userId` (`userId`),
  KEY `movieId` (`movieId`),
  CONSTRAINT `movieId` FOREIGN KEY (`movieId`) REFERENCES `movies` (`movieId`),
  CONSTRAINT `userId` FOREIGN KEY (`userId`) REFERENCES `users` (`userId`)
) ENGINE=InnoDB AUTO_INCREMENT=42 DEFAULT CHARSET=utf8;

--
-- Dumping data for table `remarks`
--

/*!40000 ALTER TABLE `remarks` DISABLE KEYS */;
INSERT INTO `remarks` (`remarkId`,`remarkContent`,`remarkTime`,`userId`,`movieId`) VALUES
 (22,'这是一个评论','2017-12-05 15:09:37',7,7),
 (25,'有人戏称“应搞一个《国王的演讲》+《至暗时刻》+《敦刻尔克》”超值连映套餐，还有人说，“丹尼尔·戴·刘易斯息影了，加里·奥德曼的时代来临了。”！足见，乔·赖特导演新片《至暗时刻》相当厉害。','2017-12-05 16:37:07',7,32),
 (26,'文/梦里诗书 阿诺·施瓦辛格老当益壮的演技，虽然在《空难余波》中将一位痛失妻儿的复仇者演绎的淋漓尽致，但作为一部根据真实事件改编的电影，导演编剧却并没有能找到一个合适的切入点，令电影给人带来真正的思考性，平庸沉闷的叙事，使电影俨然变成了一篇加长版的新闻报道','2017-12-05 16:39:45',7,30),
 (27,'终于看到了《至暗时刻》。一句话，最直观的感受：这届奥斯卡别提名了，直接颁给“狗叔”加里·奥德曼得了。','2017-12-11 15:20:02',12,32),
 (28,'深海恐惧的效果超棒，人类在鲨鱼面前显得愈发渺小，姐妹用智慧与胆量完成了不可能完成的逃生，最令人感动的是彼此不抛弃不放弃，这才是人类最需要坚持的品质','2017-12-11 15:22:02',12,12),
 (29,'虽然这部影片整体感觉仍然略显仓促，反派的设定蛇头蛇尾(请注意不是虎头蛇尾)，部分胳肢人式的老套笑话和整体风格之间的违和，让人有尴尬癌发作的趋势，但仍然不能掩盖一铁的事实，这是一部娱乐效果还算不错的商业大片，它的进步反映出DC已经调整出了自己的步伐和布局节奏，如果不受干扰地继续贯彻下去，色彩斑斓、丰富多姿的DC宇宙重振雄风，是迟早的事情。','2017-12-11 15:27:44',12,34),
 (30,'被誉为“2017年最值得关注的灾难大片”《勇往直前》，改编自真实历史事件。影片以“格拉尼特山高手”消防队消防员们的生活日常和英勇事迹为主线，以平实、朴素却感人至深的叙述，将一群人生形态林林种种的消防员们，真实的再现在了观众面前。','2017-12-11 15:40:54',13,36),
 (31,'一些连剧情都看不懂的也跑出来写影评，时光网最好还是把把关，什么样水平的影评都放首位，有欠科学！ 最后德尼罗饰演的大BOSS的反转并不算突兀，编导之前就已经作了相应的铺垫，只是觉得铺垫的方式比较生硬。','2017-12-13 19:48:10',15,39),
 (32,'不同于一般意义上的警匪片，反将聚焦点落到了匪的身上——为爱走歧路。剧情上有多处伏笔，都是为了最后的反转做准备，但集体做伪证这一设置令人生疑。也罢，非改编自真人真事，结局暖心就好。','2017-12-13 20:23:40',12,39),
 (33,'一部巨星云集，却稍欠火候的佳作！','2017-12-13 20:24:25',13,39),
 (34,'情节合理性是硬伤。抢劫前根本没有算到会枪战，负责开车的逃跑也是临时决定，被迫上公交车也是偶然发生的，怎么可能事先就安排妹妹在公交车上扮孕妇拿钱。','2017-12-13 20:25:10',15,39),
 (35,'美国队长3里面演出了，漫威的各个人物都没有最厉害的，基本上技能都是须向克制的，也没有哪个特别牛掰的，所以才要联盟。这个正义联盟到好，把超人演的那么牛掰，还需要联盟个屁啊，有超人就够了。','2017-12-13 20:25:57',14,34),
 (36,'时间太短，节奏太赶，铺垫太少，画面太亮，反派太弱是本片最大毛病，这个锅只能甩给华纳总裁凯文辻原。好在，渣导让影片变明亮，尾灯又进一步增加幽默调剂严肃氛围，性格鲜明、气质迥异众英雄初遇足够有趣，超人大战正联相当精彩，漫画梗与前作梗也不少。','2017-12-13 20:26:37',13,34);
/*!40000 ALTER TABLE `remarks` ENABLE KEYS */;


--
-- Definition of table `users`
--

DROP TABLE IF EXISTS `users`;
CREATE TABLE `users` (
  `userId` int(10) unsigned NOT NULL AUTO_INCREMENT,
  `userName` varchar(45) NOT NULL,
  `userNumber` varchar(45) NOT NULL,
  `userPhoto` varchar(90) NOT NULL,
  `password` varchar(45) NOT NULL,
  PRIMARY KEY (`userId`)
) ENGINE=InnoDB AUTO_INCREMENT=16 DEFAULT CHARSET=utf8;

--
-- Dumping data for table `users`
--

/*!40000 ALTER TABLE `users` DISABLE KEYS */;
INSERT INTO `users` (`userId`,`userName`,`userNumber`,`userPhoto`,`password`) VALUES 
 (1,'admin','admin','head.jpg','admin'),
 (2,'admin','admin','head.jpg','admin'),
 (3,'admin','admin','head.jpg','admin'),
 (4,'root','root','head.jpg','root'),
 (7,'user','user','head.jpg','123456'),
 (12,'声色画报','13512341234','20171214151700488.jpg','13512341234'),
 (13,'杏仁糖里的那颗杏仁','15118326503','20171213195339548.jpg','15118326503'),
 (14,'丑鱼尼莫789','15618123890','20171213195638406.jpg','15618123890'),
 (15,'白羊先生','13003761446','20171213194631659.jpg','13003761446');
/*!40000 ALTER TABLE `users` ENABLE KEYS */;




/*!40101 SET SQL_MODE=@OLD_SQL_MODE */;
/*!40014 SET FOREIGN_KEY_CHECKS=@OLD_FOREIGN_KEY_CHECKS */;
/*!40014 SET UNIQUE_CHECKS=@OLD_UNIQUE_CHECKS */;
/*!40101 SET CHARACTER_SET_CLIENT=@OLD_CHARACTER_SET_CLIENT */;
/*!40101 SET CHARACTER_SET_RESULTS=@OLD_CHARACTER_SET_RESULTS */;
/*!40101 SET COLLATION_CONNECTION=@OLD_COLLATION_CONNECTION */;
/*!40101 SET CHARACTER_SET_CLIENT=@OLD_CHARACTER_SET_CLIENT */;
